{"ride_id": "11111111-aaaa-4aaa-aaaa-111111111111", "pickup_ts": "2025-09-06T08:15:00Z", "dropoff_ts": "2025-09-06T08:35:00Z", "pu_zone": "Manhattan", "do_zone": "Queens", "fare": 18.5, "tip": 3.0, "payment_type": "card"}
{"ride_id": "22222222-bbbb-4bbb-bbbb-222222222222", "pickup_ts": "2025-09-06T09:05:00Z", "dropoff_ts": "2025-09-06T09:25:00Z", "pu_zone": "Brooklyn", "do_zone": "Manhattan", "fare": 22.0, "tip": 4.5, "payment_type": "cash"}
{"ride_id": "33333333-cccc-4ccc-cccc-333333333333", "pickup_ts": "2025-09-05T11:00:00Z", "dropoff_ts": "2025-09-05T11:20:00Z", "pu_zone": "Queens", "do_zone": "Brooklyn", "fare": 15.0, "tip": 2.0, "payment_type": "wallet"}